user3,google.com,VCLLdpRSCM+2Qg==,BePRu5ifEpCxz2yoeyHpKQ==,RbDixZjolNvEQsdK2UXQQw==
user4,google.com,T9agCDDFkaLPSA==,O/PB+Nkm1SiAeIA27Te/yA==,jIBumGkzDyx8IMYkMOlYtA==
user1,google.com,nRoLCBrgRXNTTg==,dIkwkbx21C7Ae2GcBvG2yQ==,11SHcA7WroXGBvC3EntCwg==
user2,google.com,YlW+IT/f+NGyZQ==,vnRhHFQ/BzroF0RTz06oOw==,/1Jb5PdoT86eeLQFaUYo/g==
user5,google.com,VCLLdpRSCM+2Qg==,BePRu5ifEpCxz2yoeyHpKQ==,RbDixZjolNvEQsdK2UXQQw==
user6,google.com,T9agCDDFkaLPSA==,O/PB+Nkm1SiAeIA27Te/yA==,jIBumGkzDyx8IMYkMOlYtA==
user7,google.com,nRoLCBrgRXNTTg==,dIkwkbx21C7Ae2GcBvG2yQ==,11SHcA7WroXGBvC3EntCwg==
user8,google.com,YlW+IT/f+NGyZQ==,vnRhHFQ/BzroF0RTz06oOw==,/1Jb5PdoT86eeLQFaUYo/g==
user9,google.com,VCLLdpRSCM+2Qg==,BePRu5ifEpCxz2yoeyHpKQ==,RbDixZjolNvEQsdK2UXQQw==
user10,google.com,T9agCDDFkaLPSA==,O/PB+Nkm1SiAeIA27Te/yA==,jIBumGkzDyx8IMYkMOlYtA==
user11,google.com,nRoLCBrgRXNTTg==,dIkwkbx21C7Ae2GcBvG2yQ==,11SHcA7WroXGBvC3EntCwg==
user12,google.com,YlW+IT/f+NGyZQ==,vnRhHFQ/BzroF0RTz06oOw==,/1Jb5PdoT86eeLQFaUYo/g==
user23,go,X6cV5EpjbfuX43zhQiPFT3Y8ICHuLX9u1Q0Tje1ERiJE3EJjj2JM+4zeqVjA/FoFw6jZsxHs64n4gadDSnLmuGS92Lz3xKHqHzadov7PqnAIPiE7+G1WKX+LqmT7pZDalyZFWQUHk/mx/022PzTqTRodPzQx47botxD//64cgh+2Od8cMgJBDIoCrvpxo9cAdRsE5AhlLQo9KSNv6dfiO27cTm3zx1doTQH4ryANOW/cazz5jnu42XkBstHNxmdY+ckM4zVlM9WWuuZufJVNHZZdcvf2mVQf7LfLu+ppO8NFvAJHUocXuf20P0eWP3jcFPYu1DMswLX0HquuJEgWmw==,,
user24,go,XBGiHZApVaWCnJPAw5ZNDnWEtOSkDWrIOfE1OZq9DrJkelL3OARZmL4QL9sO60uz6xlYS1HmGVuoNZuZOTLK1oFWc6n9NSq3AFHZvquVIjPzIOwRn2D4tP04KRsAVN+mergIAgTXB9E0PlOMpBkiU2drKbukLHcKQ5I1kQNIiVOXKfTiz5d+dmovB0OjM/x9KoSUlsOeuXu1B8r8Z1LCjjjAo/IIqbpDdYv/IJ2lXr5n7TUPWmIDt4zFerTIwWcIuOx1uwpDkik4EZ9BHblzdl8KRxGzKcEWSeSuIuzj1s8gj2Nq9+uURoxeAQSZQLUj8g4aS9PCchfddkDkol55Tg==,,
user25,ppp,DmoHEN07TQ6DURR1n0pmPiloBkbDBVbxzD+tDX4AOqxDTvmLnnbY1zUNCFHkDwdoUYQ+qOEsMzdgHBEeMt9pTReKOMHSQg98F8TUGVRHojruhSibkOo0R29PQDGZIT6dduJSRMsnPVl/Cbj3rZ1H5HGAWPDscgchFScp+PB3E7Gi59+BCKgDPlu/QMHHGRAttMluGlYdtumf/HfoPWwyJ7fLIOFMhpQzKUiGmB8b2h6Nnc9iJXBDgsnaOp9w5fZIXpSVywTqx0JM2x8b3kPpwe1L7Akked8ja86kL35H/pDnfxvJgFTlc8QAUn9sM/ANiRB+h5w6iFy0J9YaVzIufQ==,,
user26,www.google.com,R99Gnr2l1fSrUp/ttUYb/o+qv7m36+UMHE85dmWQEmcZmtWoNhyVFT5WtQu9O4dAUZd950e357PU8QYpnEzib/NBcGygf9fl1J5mLPRyAzfuQaUV/h8nYgC5QtJ2KKFfbNCjEA1vMGRXcF3PPL9jCLQiRafXpWsuW6a3gBghAxhlG2KyR3a74Wm0do0m3wns0sHHTyLDwqfqATUHdJessn4ZMCTET9LIUCV6EwfxbJvi+MZ0YWp2WvpnYNj/dLLrx4TJ0RmDa7SXTf286+wTksE+bU7j9RkFsXzUtGnBGqs78+bqmFWXg5Y6SDriyAG6LgQbStRr3V3u77UGbJqdkg==,,
